[
    {
        "outputFile": "C:\\Users\\Hoon Tar Yi\\Desktop\\GuessAnime\\app\\build\\intermediates\\incremental\\mergeDebugResources\\merged.dir\\values-v12\\values-v12.xml",
        "map": [
            {
                "to": {
                    "startLine": 2,
                    "startColumn": 4,
                    "startOffset": 55,
                    "endLine": 4,
                    "endColumn": 12,
                    "endOffset": 274
                },
                "from": {
                    "file": "C:\\Users\\Hoon Tar Yi\\.android\\build-cache\\ebbdf1bf618932ba087cbd8c8ebab10e8e7744aa\\output\\res\\values-v12\\values-v12.xml",
                    "position": {
                        "startLine": 2,
                        "startColumn": 4,
                        "startOffset": 55,
                        "endLine": 4,
                        "endColumn": 12,
                        "endOffset": 274
                    }
                }
            },
            {
                "to": {
                    "startLine": 5,
                    "startColumn": 4,
                    "startOffset": 279,
                    "endLine": 7,
                    "endColumn": 12,
                    "endOffset": 474
                },
                "from": {
                    "file": "C:\\Users\\Hoon Tar Yi\\.android\\build-cache\\ebbdf1bf618932ba087cbd8c8ebab10e8e7744aa\\output\\res\\values-v12\\values-v12.xml",
                    "position": {
                        "startLine": 5,
                        "startColumn": 4,
                        "startOffset": 279,
                        "endLine": 7,
                        "endColumn": 12,
                        "endOffset": 474
                    }
                }
            },
            {
                "to": {
                    "startLine": 8,
                    "startColumn": 4,
                    "startOffset": 479,
                    "endColumn": 118,
                    "endOffset": 593
                },
                "from": {
                    "file": "C:\\Users\\Hoon Tar Yi\\.android\\build-cache\\ebbdf1bf618932ba087cbd8c8ebab10e8e7744aa\\output\\res\\values-v12\\values-v12.xml",
                    "position": {
                        "startLine": 8,
                        "startColumn": 4,
                        "startOffset": 479,
                        "endColumn": 118,
                        "endOffset": 593
                    }
                }
            },
            {
                "to": {
                    "startLine": 9,
                    "startColumn": 4,
                    "startOffset": 598,
                    "endColumn": 94,
                    "endOffset": 688
                },
                "from": {
                    "file": "C:\\Users\\Hoon Tar Yi\\.android\\build-cache\\ebbdf1bf618932ba087cbd8c8ebab10e8e7744aa\\output\\res\\values-v12\\values-v12.xml",
                    "position": {
                        "startLine": 9,
                        "startColumn": 4,
                        "startOffset": 598,
                        "endColumn": 94,
                        "endOffset": 688
                    }
                }
            }
        ]
    }
]