[
    {
        "outputFile": "C:\\Users\\Hoon Tar Yi\\Desktop\\GuessAnime\\app\\build\\intermediates\\incremental\\mergeDebugResources\\merged.dir\\values-sv\\values-sv.xml",
        "map": [
            {
                "to": {
                    "startLine": 2,
                    "startColumn": 4,
                    "startOffset": 55,
                    "endColumn": 105,
                    "endOffset": 156
                },
                "from": {
                    "file": "C:\\Users\\Hoon Tar Yi\\.android\\build-cache\\ebbdf1bf618932ba087cbd8c8ebab10e8e7744aa\\output\\res\\values-sv\\values-sv.xml",
                    "position": {
                        "startLine": 2,
                        "startColumn": 4,
                        "startOffset": 55,
                        "endColumn": 105,
                        "endOffset": 156
                    }
                }
            },
            {
                "to": {
                    "startLine": 3,
                    "startColumn": 4,
                    "startOffset": 161,
                    "endColumn": 107,
                    "endOffset": 264
                },
                "from": {
                    "file": "C:\\Users\\Hoon Tar Yi\\.android\\build-cache\\ebbdf1bf618932ba087cbd8c8ebab10e8e7744aa\\output\\res\\values-sv\\values-sv.xml",
                    "position": {
                        "startLine": 3,
                        "startColumn": 4,
                        "startOffset": 161,
                        "endColumn": 107,
                        "endOffset": 264
                    }
                }
            },
            {
                "to": {
                    "startLine": 4,
                    "startColumn": 4,
                    "startOffset": 269,
                    "endColumn": 122,
                    "endOffset": 387
                },
                "from": {
                    "file": "C:\\Users\\Hoon Tar Yi\\.android\\build-cache\\ebbdf1bf618932ba087cbd8c8ebab10e8e7744aa\\output\\res\\values-sv\\values-sv.xml",
                    "position": {
                        "startLine": 4,
                        "startColumn": 4,
                        "startOffset": 269,
                        "endColumn": 122,
                        "endOffset": 387
                    }
                }
            },
            {
                "to": {
                    "startLine": 5,
                    "startColumn": 4,
                    "startOffset": 392,
                    "endColumn": 102,
                    "endOffset": 490
                },
                "from": {
                    "file": "C:\\Users\\Hoon Tar Yi\\.android\\build-cache\\ebbdf1bf618932ba087cbd8c8ebab10e8e7744aa\\output\\res\\values-sv\\values-sv.xml",
                    "position": {
                        "startLine": 5,
                        "startColumn": 4,
                        "startOffset": 392,
                        "endColumn": 102,
                        "endOffset": 490
                    }
                }
            },
            {
                "to": {
                    "startLine": 6,
                    "startColumn": 4,
                    "startOffset": 495,
                    "endColumn": 110,
                    "endOffset": 601
                },
                "from": {
                    "file": "C:\\Users\\Hoon Tar Yi\\.android\\build-cache\\ebbdf1bf618932ba087cbd8c8ebab10e8e7744aa\\output\\res\\values-sv\\values-sv.xml",
                    "position": {
                        "startLine": 6,
                        "startColumn": 4,
                        "startOffset": 495,
                        "endColumn": 110,
                        "endOffset": 601
                    }
                }
            },
            {
                "to": {
                    "startLine": 7,
                    "startColumn": 4,
                    "startOffset": 606,
                    "endColumn": 84,
                    "endOffset": 686
                },
                "from": {
                    "file": "C:\\Users\\Hoon Tar Yi\\.android\\build-cache\\ebbdf1bf618932ba087cbd8c8ebab10e8e7744aa\\output\\res\\values-sv\\values-sv.xml",
                    "position": {
                        "startLine": 7,
                        "startColumn": 4,
                        "startOffset": 606,
                        "endColumn": 84,
                        "endOffset": 686
                    }
                }
            },
            {
                "to": {
                    "startLine": 8,
                    "startColumn": 4,
                    "startOffset": 691,
                    "endColumn": 101,
                    "endOffset": 788
                },
                "from": {
                    "file": "C:\\Users\\Hoon Tar Yi\\.android\\build-cache\\ebbdf1bf618932ba087cbd8c8ebab10e8e7744aa\\output\\res\\values-sv\\values-sv.xml",
                    "position": {
                        "startLine": 8,
                        "startColumn": 4,
                        "startOffset": 691,
                        "endColumn": 101,
                        "endOffset": 788
                    }
                }
            },
            {
                "to": {
                    "startLine": 9,
                    "startColumn": 4,
                    "startOffset": 793,
                    "endColumn": 112,
                    "endOffset": 901
                },
                "from": {
                    "file": "C:\\Users\\Hoon Tar Yi\\.android\\build-cache\\ebbdf1bf618932ba087cbd8c8ebab10e8e7744aa\\output\\res\\values-sv\\values-sv.xml",
                    "position": {
                        "startLine": 9,
                        "startColumn": 4,
                        "startOffset": 793,
                        "endColumn": 112,
                        "endOffset": 901
                    }
                }
            },
            {
                "to": {
                    "startLine": 10,
                    "startColumn": 4,
                    "startOffset": 906,
                    "endColumn": 75,
                    "endOffset": 977
                },
                "from": {
                    "file": "C:\\Users\\Hoon Tar Yi\\.android\\build-cache\\ebbdf1bf618932ba087cbd8c8ebab10e8e7744aa\\output\\res\\values-sv\\values-sv.xml",
                    "position": {
                        "startLine": 10,
                        "startColumn": 4,
                        "startOffset": 906,
                        "endColumn": 75,
                        "endOffset": 977
                    }
                }
            },
            {
                "to": {
                    "startLine": 11,
                    "startColumn": 4,
                    "startOffset": 982,
                    "endColumn": 75,
                    "endOffset": 1053
                },
                "from": {
                    "file": "C:\\Users\\Hoon Tar Yi\\.android\\build-cache\\ebbdf1bf618932ba087cbd8c8ebab10e8e7744aa\\output\\res\\values-sv\\values-sv.xml",
                    "position": {
                        "startLine": 11,
                        "startColumn": 4,
                        "startOffset": 982,
                        "endColumn": 75,
                        "endOffset": 1053
                    }
                }
            },
            {
                "to": {
                    "startLine": 12,
                    "startColumn": 4,
                    "startOffset": 1058,
                    "endColumn": 79,
                    "endOffset": 1133
                },
                "from": {
                    "file": "C:\\Users\\Hoon Tar Yi\\.android\\build-cache\\ebbdf1bf618932ba087cbd8c8ebab10e8e7744aa\\output\\res\\values-sv\\values-sv.xml",
                    "position": {
                        "startLine": 12,
                        "startColumn": 4,
                        "startOffset": 1058,
                        "endColumn": 79,
                        "endOffset": 1133
                    }
                }
            },
            {
                "to": {
                    "startLine": 13,
                    "startColumn": 4,
                    "startOffset": 1138,
                    "endColumn": 105,
                    "endOffset": 1239
                },
                "from": {
                    "file": "C:\\Users\\Hoon Tar Yi\\.android\\build-cache\\ebbdf1bf618932ba087cbd8c8ebab10e8e7744aa\\output\\res\\values-sv\\values-sv.xml",
                    "position": {
                        "startLine": 13,
                        "startColumn": 4,
                        "startOffset": 1138,
                        "endColumn": 105,
                        "endOffset": 1239
                    }
                }
            },
            {
                "to": {
                    "startLine": 14,
                    "startColumn": 4,
                    "startOffset": 1244,
                    "endColumn": 99,
                    "endOffset": 1339
                },
                "from": {
                    "file": "C:\\Users\\Hoon Tar Yi\\.android\\build-cache\\ebbdf1bf618932ba087cbd8c8ebab10e8e7744aa\\output\\res\\values-sv\\values-sv.xml",
                    "position": {
                        "startLine": 14,
                        "startColumn": 4,
                        "startOffset": 1244,
                        "endColumn": 99,
                        "endOffset": 1339
                    }
                }
            },
            {
                "to": {
                    "startLine": 15,
                    "startColumn": 4,
                    "startOffset": 1344,
                    "endColumn": 95,
                    "endOffset": 1435
                },
                "from": {
                    "file": "C:\\Users\\Hoon Tar Yi\\.android\\build-cache\\ebbdf1bf618932ba087cbd8c8ebab10e8e7744aa\\output\\res\\values-sv\\values-sv.xml",
                    "position": {
                        "startLine": 15,
                        "startColumn": 4,
                        "startOffset": 1344,
                        "endColumn": 95,
                        "endOffset": 1435
                    }
                }
            },
            {
                "to": {
                    "startLine": 16,
                    "startColumn": 4,
                    "startOffset": 1440,
                    "endColumn": 104,
                    "endOffset": 1540
                },
                "from": {
                    "file": "C:\\Users\\Hoon Tar Yi\\.android\\build-cache\\ebbdf1bf618932ba087cbd8c8ebab10e8e7744aa\\output\\res\\values-sv\\values-sv.xml",
                    "position": {
                        "startLine": 16,
                        "startColumn": 4,
                        "startOffset": 1440,
                        "endColumn": 104,
                        "endOffset": 1540
                    }
                }
            },
            {
                "to": {
                    "startLine": 17,
                    "startColumn": 4,
                    "startOffset": 1545,
                    "endColumn": 101,
                    "endOffset": 1642
                },
                "from": {
                    "file": "C:\\Users\\Hoon Tar Yi\\.android\\build-cache\\ebbdf1bf618932ba087cbd8c8ebab10e8e7744aa\\output\\res\\values-sv\\values-sv.xml",
                    "position": {
                        "startLine": 17,
                        "startColumn": 4,
                        "startOffset": 1545,
                        "endColumn": 101,
                        "endOffset": 1642
                    }
                }
            },
            {
                "to": {
                    "startLine": 18,
                    "startColumn": 4,
                    "startOffset": 1647,
                    "endColumn": 101,
                    "endOffset": 1744
                },
                "from": {
                    "file": "C:\\Users\\Hoon Tar Yi\\.android\\build-cache\\ebbdf1bf618932ba087cbd8c8ebab10e8e7744aa\\output\\res\\values-sv\\values-sv.xml",
                    "position": {
                        "startLine": 18,
                        "startColumn": 4,
                        "startOffset": 1647,
                        "endColumn": 101,
                        "endOffset": 1744
                    }
                }
            },
            {
                "to": {
                    "startLine": 19,
                    "startColumn": 4,
                    "startOffset": 1749,
                    "endColumn": 116,
                    "endOffset": 1861
                },
                "from": {
                    "file": "C:\\Users\\Hoon Tar Yi\\.android\\build-cache\\ebbdf1bf618932ba087cbd8c8ebab10e8e7744aa\\output\\res\\values-sv\\values-sv.xml",
                    "position": {
                        "startLine": 19,
                        "startColumn": 4,
                        "startOffset": 1749,
                        "endColumn": 116,
                        "endOffset": 1861
                    }
                }
            },
            {
                "to": {
                    "startLine": 20,
                    "startColumn": 4,
                    "startOffset": 1866,
                    "endColumn": 101,
                    "endOffset": 1963
                },
                "from": {
                    "file": "C:\\Users\\Hoon Tar Yi\\.android\\build-cache\\ebbdf1bf618932ba087cbd8c8ebab10e8e7744aa\\output\\res\\values-sv\\values-sv.xml",
                    "position": {
                        "startLine": 20,
                        "startColumn": 4,
                        "startOffset": 1866,
                        "endColumn": 101,
                        "endOffset": 1963
                    }
                }
            },
            {
                "to": {
                    "startLine": 21,
                    "startColumn": 4,
                    "startOffset": 1968,
                    "endColumn": 78,
                    "endOffset": 2042
                },
                "from": {
                    "file": "C:\\Users\\Hoon Tar Yi\\.android\\build-cache\\ebbdf1bf618932ba087cbd8c8ebab10e8e7744aa\\output\\res\\values-sv\\values-sv.xml",
                    "position": {
                        "startLine": 21,
                        "startColumn": 4,
                        "startOffset": 1968,
                        "endColumn": 78,
                        "endOffset": 2042
                    }
                }
            },
            {
                "to": {
                    "startLine": 22,
                    "startColumn": 4,
                    "startOffset": 2047,
                    "endColumn": 100,
                    "endOffset": 2143
                },
                "from": {
                    "file": "C:\\Users\\Hoon Tar Yi\\.android\\build-cache\\ebbdf1bf618932ba087cbd8c8ebab10e8e7744aa\\output\\res\\values-sv\\values-sv.xml",
                    "position": {
                        "startLine": 22,
                        "startColumn": 4,
                        "startOffset": 2047,
                        "endColumn": 100,
                        "endOffset": 2143
                    }
                }
            }
        ]
    }
]