[
    {
        "outputFile": "C:\\Users\\Hoon Tar Yi\\Desktop\\GuessAnime\\app\\build\\intermediates\\incremental\\mergeDebugResources\\merged.dir\\values-af\\values-af.xml",
        "map": [
            {
                "to": {
                    "startLine": 2,
                    "startColumn": 4,
                    "startOffset": 55,
                    "endColumn": 103,
                    "endOffset": 154
                },
                "from": {
                    "file": "C:\\Users\\Hoon Tar Yi\\.android\\build-cache\\ebbdf1bf618932ba087cbd8c8ebab10e8e7744aa\\output\\res\\values-af\\values-af.xml",
                    "position": {
                        "startLine": 2,
                        "startColumn": 4,
                        "startOffset": 55,
                        "endColumn": 103,
                        "endOffset": 154
                    }
                }
            },
            {
                "to": {
                    "startLine": 3,
                    "startColumn": 4,
                    "startOffset": 159,
                    "endColumn": 107,
                    "endOffset": 262
                },
                "from": {
                    "file": "C:\\Users\\Hoon Tar Yi\\.android\\build-cache\\ebbdf1bf618932ba087cbd8c8ebab10e8e7744aa\\output\\res\\values-af\\values-af.xml",
                    "position": {
                        "startLine": 3,
                        "startColumn": 4,
                        "startOffset": 159,
                        "endColumn": 107,
                        "endOffset": 262
                    }
                }
            },
            {
                "to": {
                    "startLine": 4,
                    "startColumn": 4,
                    "startOffset": 267,
                    "endColumn": 122,
                    "endOffset": 385
                },
                "from": {
                    "file": "C:\\Users\\Hoon Tar Yi\\.android\\build-cache\\ebbdf1bf618932ba087cbd8c8ebab10e8e7744aa\\output\\res\\values-af\\values-af.xml",
                    "position": {
                        "startLine": 4,
                        "startColumn": 4,
                        "startOffset": 267,
                        "endColumn": 122,
                        "endOffset": 385
                    }
                }
            },
            {
                "to": {
                    "startLine": 5,
                    "startColumn": 4,
                    "startOffset": 390,
                    "endColumn": 99,
                    "endOffset": 485
                },
                "from": {
                    "file": "C:\\Users\\Hoon Tar Yi\\.android\\build-cache\\ebbdf1bf618932ba087cbd8c8ebab10e8e7744aa\\output\\res\\values-af\\values-af.xml",
                    "position": {
                        "startLine": 5,
                        "startColumn": 4,
                        "startOffset": 390,
                        "endColumn": 99,
                        "endOffset": 485
                    }
                }
            },
            {
                "to": {
                    "startLine": 6,
                    "startColumn": 4,
                    "startOffset": 490,
                    "endColumn": 105,
                    "endOffset": 591
                },
                "from": {
                    "file": "C:\\Users\\Hoon Tar Yi\\.android\\build-cache\\ebbdf1bf618932ba087cbd8c8ebab10e8e7744aa\\output\\res\\values-af\\values-af.xml",
                    "position": {
                        "startLine": 6,
                        "startColumn": 4,
                        "startOffset": 490,
                        "endColumn": 105,
                        "endOffset": 591
                    }
                }
            },
            {
                "to": {
                    "startLine": 7,
                    "startColumn": 4,
                    "startOffset": 596,
                    "endColumn": 84,
                    "endOffset": 676
                },
                "from": {
                    "file": "C:\\Users\\Hoon Tar Yi\\.android\\build-cache\\ebbdf1bf618932ba087cbd8c8ebab10e8e7744aa\\output\\res\\values-af\\values-af.xml",
                    "position": {
                        "startLine": 7,
                        "startColumn": 4,
                        "startOffset": 596,
                        "endColumn": 84,
                        "endOffset": 676
                    }
                }
            },
            {
                "to": {
                    "startLine": 8,
                    "startColumn": 4,
                    "startOffset": 681,
                    "endColumn": 102,
                    "endOffset": 779
                },
                "from": {
                    "file": "C:\\Users\\Hoon Tar Yi\\.android\\build-cache\\ebbdf1bf618932ba087cbd8c8ebab10e8e7744aa\\output\\res\\values-af\\values-af.xml",
                    "position": {
                        "startLine": 8,
                        "startColumn": 4,
                        "startOffset": 681,
                        "endColumn": 102,
                        "endOffset": 779
                    }
                }
            },
            {
                "to": {
                    "startLine": 9,
                    "startColumn": 4,
                    "startOffset": 784,
                    "endColumn": 117,
                    "endOffset": 897
                },
                "from": {
                    "file": "C:\\Users\\Hoon Tar Yi\\.android\\build-cache\\ebbdf1bf618932ba087cbd8c8ebab10e8e7744aa\\output\\res\\values-af\\values-af.xml",
                    "position": {
                        "startLine": 9,
                        "startColumn": 4,
                        "startOffset": 784,
                        "endColumn": 117,
                        "endOffset": 897
                    }
                }
            },
            {
                "to": {
                    "startLine": 10,
                    "startColumn": 4,
                    "startOffset": 902,
                    "endColumn": 75,
                    "endOffset": 973
                },
                "from": {
                    "file": "C:\\Users\\Hoon Tar Yi\\.android\\build-cache\\ebbdf1bf618932ba087cbd8c8ebab10e8e7744aa\\output\\res\\values-af\\values-af.xml",
                    "position": {
                        "startLine": 10,
                        "startColumn": 4,
                        "startOffset": 902,
                        "endColumn": 75,
                        "endOffset": 973
                    }
                }
            },
            {
                "to": {
                    "startLine": 11,
                    "startColumn": 4,
                    "startOffset": 978,
                    "endColumn": 76,
                    "endOffset": 1050
                },
                "from": {
                    "file": "C:\\Users\\Hoon Tar Yi\\.android\\build-cache\\ebbdf1bf618932ba087cbd8c8ebab10e8e7744aa\\output\\res\\values-af\\values-af.xml",
                    "position": {
                        "startLine": 11,
                        "startColumn": 4,
                        "startOffset": 978,
                        "endColumn": 76,
                        "endOffset": 1050
                    }
                }
            },
            {
                "to": {
                    "startLine": 12,
                    "startColumn": 4,
                    "startOffset": 1055,
                    "endColumn": 80,
                    "endOffset": 1131
                },
                "from": {
                    "file": "C:\\Users\\Hoon Tar Yi\\.android\\build-cache\\ebbdf1bf618932ba087cbd8c8ebab10e8e7744aa\\output\\res\\values-af\\values-af.xml",
                    "position": {
                        "startLine": 12,
                        "startColumn": 4,
                        "startOffset": 1055,
                        "endColumn": 80,
                        "endOffset": 1131
                    }
                }
            },
            {
                "to": {
                    "startLine": 13,
                    "startColumn": 4,
                    "startOffset": 1136,
                    "endColumn": 106,
                    "endOffset": 1238
                },
                "from": {
                    "file": "C:\\Users\\Hoon Tar Yi\\.android\\build-cache\\ebbdf1bf618932ba087cbd8c8ebab10e8e7744aa\\output\\res\\values-af\\values-af.xml",
                    "position": {
                        "startLine": 13,
                        "startColumn": 4,
                        "startOffset": 1136,
                        "endColumn": 106,
                        "endOffset": 1238
                    }
                }
            },
            {
                "to": {
                    "startLine": 14,
                    "startColumn": 4,
                    "startOffset": 1243,
                    "endColumn": 102,
                    "endOffset": 1341
                },
                "from": {
                    "file": "C:\\Users\\Hoon Tar Yi\\.android\\build-cache\\ebbdf1bf618932ba087cbd8c8ebab10e8e7744aa\\output\\res\\values-af\\values-af.xml",
                    "position": {
                        "startLine": 14,
                        "startColumn": 4,
                        "startOffset": 1243,
                        "endColumn": 102,
                        "endOffset": 1341
                    }
                }
            },
            {
                "to": {
                    "startLine": 15,
                    "startColumn": 4,
                    "startOffset": 1346,
                    "endColumn": 96,
                    "endOffset": 1438
                },
                "from": {
                    "file": "C:\\Users\\Hoon Tar Yi\\.android\\build-cache\\ebbdf1bf618932ba087cbd8c8ebab10e8e7744aa\\output\\res\\values-af\\values-af.xml",
                    "position": {
                        "startLine": 15,
                        "startColumn": 4,
                        "startOffset": 1346,
                        "endColumn": 96,
                        "endOffset": 1438
                    }
                }
            },
            {
                "to": {
                    "startLine": 16,
                    "startColumn": 4,
                    "startOffset": 1443,
                    "endColumn": 107,
                    "endOffset": 1546
                },
                "from": {
                    "file": "C:\\Users\\Hoon Tar Yi\\.android\\build-cache\\ebbdf1bf618932ba087cbd8c8ebab10e8e7744aa\\output\\res\\values-af\\values-af.xml",
                    "position": {
                        "startLine": 16,
                        "startColumn": 4,
                        "startOffset": 1443,
                        "endColumn": 107,
                        "endOffset": 1546
                    }
                }
            },
            {
                "to": {
                    "startLine": 17,
                    "startColumn": 4,
                    "startOffset": 1551,
                    "endColumn": 101,
                    "endOffset": 1648
                },
                "from": {
                    "file": "C:\\Users\\Hoon Tar Yi\\.android\\build-cache\\ebbdf1bf618932ba087cbd8c8ebab10e8e7744aa\\output\\res\\values-af\\values-af.xml",
                    "position": {
                        "startLine": 17,
                        "startColumn": 4,
                        "startOffset": 1551,
                        "endColumn": 101,
                        "endOffset": 1648
                    }
                }
            },
            {
                "to": {
                    "startLine": 18,
                    "startColumn": 4,
                    "startOffset": 1653,
                    "endColumn": 101,
                    "endOffset": 1750
                },
                "from": {
                    "file": "C:\\Users\\Hoon Tar Yi\\.android\\build-cache\\ebbdf1bf618932ba087cbd8c8ebab10e8e7744aa\\output\\res\\values-af\\values-af.xml",
                    "position": {
                        "startLine": 18,
                        "startColumn": 4,
                        "startOffset": 1653,
                        "endColumn": 101,
                        "endOffset": 1750
                    }
                }
            },
            {
                "to": {
                    "startLine": 19,
                    "startColumn": 4,
                    "startOffset": 1755,
                    "endColumn": 116,
                    "endOffset": 1867
                },
                "from": {
                    "file": "C:\\Users\\Hoon Tar Yi\\.android\\build-cache\\ebbdf1bf618932ba087cbd8c8ebab10e8e7744aa\\output\\res\\values-af\\values-af.xml",
                    "position": {
                        "startLine": 19,
                        "startColumn": 4,
                        "startOffset": 1755,
                        "endColumn": 116,
                        "endOffset": 1867
                    }
                }
            },
            {
                "to": {
                    "startLine": 20,
                    "startColumn": 4,
                    "startOffset": 1872,
                    "endColumn": 97,
                    "endOffset": 1965
                },
                "from": {
                    "file": "C:\\Users\\Hoon Tar Yi\\.android\\build-cache\\ebbdf1bf618932ba087cbd8c8ebab10e8e7744aa\\output\\res\\values-af\\values-af.xml",
                    "position": {
                        "startLine": 20,
                        "startColumn": 4,
                        "startOffset": 1872,
                        "endColumn": 97,
                        "endOffset": 1965
                    }
                }
            },
            {
                "to": {
                    "startLine": 21,
                    "startColumn": 4,
                    "startOffset": 1970,
                    "endColumn": 79,
                    "endOffset": 2045
                },
                "from": {
                    "file": "C:\\Users\\Hoon Tar Yi\\.android\\build-cache\\ebbdf1bf618932ba087cbd8c8ebab10e8e7744aa\\output\\res\\values-af\\values-af.xml",
                    "position": {
                        "startLine": 21,
                        "startColumn": 4,
                        "startOffset": 1970,
                        "endColumn": 79,
                        "endOffset": 2045
                    }
                }
            },
            {
                "to": {
                    "startLine": 22,
                    "startColumn": 4,
                    "startOffset": 2050,
                    "endColumn": 100,
                    "endOffset": 2146
                },
                "from": {
                    "file": "C:\\Users\\Hoon Tar Yi\\.android\\build-cache\\ebbdf1bf618932ba087cbd8c8ebab10e8e7744aa\\output\\res\\values-af\\values-af.xml",
                    "position": {
                        "startLine": 22,
                        "startColumn": 4,
                        "startOffset": 2050,
                        "endColumn": 100,
                        "endOffset": 2146
                    }
                }
            }
        ]
    }
]