[
    {
        "outputFile": "C:\\Users\\Hoon Tar Yi\\Desktop\\GuessAnime\\app\\build\\intermediates\\incremental\\mergeDebugResources\\merged.dir\\values-in\\values-in.xml",
        "map": [
            {
                "to": {
                    "startLine": 2,
                    "startColumn": 4,
                    "startOffset": 55,
                    "endColumn": 109,
                    "endOffset": 160
                },
                "from": {
                    "file": "C:\\Users\\Hoon Tar Yi\\.android\\build-cache\\ebbdf1bf618932ba087cbd8c8ebab10e8e7744aa\\output\\res\\values-in\\values-in.xml",
                    "position": {
                        "startLine": 2,
                        "startColumn": 4,
                        "startOffset": 55,
                        "endColumn": 109,
                        "endOffset": 160
                    }
                }
            },
            {
                "to": {
                    "startLine": 3,
                    "startColumn": 4,
                    "startOffset": 165,
                    "endColumn": 107,
                    "endOffset": 268
                },
                "from": {
                    "file": "C:\\Users\\Hoon Tar Yi\\.android\\build-cache\\ebbdf1bf618932ba087cbd8c8ebab10e8e7744aa\\output\\res\\values-in\\values-in.xml",
                    "position": {
                        "startLine": 3,
                        "startColumn": 4,
                        "startOffset": 165,
                        "endColumn": 107,
                        "endOffset": 268
                    }
                }
            },
            {
                "to": {
                    "startLine": 4,
                    "startColumn": 4,
                    "startOffset": 273,
                    "endColumn": 122,
                    "endOffset": 391
                },
                "from": {
                    "file": "C:\\Users\\Hoon Tar Yi\\.android\\build-cache\\ebbdf1bf618932ba087cbd8c8ebab10e8e7744aa\\output\\res\\values-in\\values-in.xml",
                    "position": {
                        "startLine": 4,
                        "startColumn": 4,
                        "startOffset": 273,
                        "endColumn": 122,
                        "endOffset": 391
                    }
                }
            },
            {
                "to": {
                    "startLine": 5,
                    "startColumn": 4,
                    "startOffset": 396,
                    "endColumn": 101,
                    "endOffset": 493
                },
                "from": {
                    "file": "C:\\Users\\Hoon Tar Yi\\.android\\build-cache\\ebbdf1bf618932ba087cbd8c8ebab10e8e7744aa\\output\\res\\values-in\\values-in.xml",
                    "position": {
                        "startLine": 5,
                        "startColumn": 4,
                        "startOffset": 396,
                        "endColumn": 101,
                        "endOffset": 493
                    }
                }
            },
            {
                "to": {
                    "startLine": 6,
                    "startColumn": 4,
                    "startOffset": 498,
                    "endColumn": 104,
                    "endOffset": 598
                },
                "from": {
                    "file": "C:\\Users\\Hoon Tar Yi\\.android\\build-cache\\ebbdf1bf618932ba087cbd8c8ebab10e8e7744aa\\output\\res\\values-in\\values-in.xml",
                    "position": {
                        "startLine": 6,
                        "startColumn": 4,
                        "startOffset": 498,
                        "endColumn": 104,
                        "endOffset": 598
                    }
                }
            },
            {
                "to": {
                    "startLine": 7,
                    "startColumn": 4,
                    "startOffset": 603,
                    "endColumn": 86,
                    "endOffset": 685
                },
                "from": {
                    "file": "C:\\Users\\Hoon Tar Yi\\.android\\build-cache\\ebbdf1bf618932ba087cbd8c8ebab10e8e7744aa\\output\\res\\values-in\\values-in.xml",
                    "position": {
                        "startLine": 7,
                        "startColumn": 4,
                        "startOffset": 603,
                        "endColumn": 86,
                        "endOffset": 685
                    }
                }
            },
            {
                "to": {
                    "startLine": 8,
                    "startColumn": 4,
                    "startOffset": 690,
                    "endColumn": 103,
                    "endOffset": 789
                },
                "from": {
                    "file": "C:\\Users\\Hoon Tar Yi\\.android\\build-cache\\ebbdf1bf618932ba087cbd8c8ebab10e8e7744aa\\output\\res\\values-in\\values-in.xml",
                    "position": {
                        "startLine": 8,
                        "startColumn": 4,
                        "startOffset": 690,
                        "endColumn": 103,
                        "endOffset": 789
                    }
                }
            },
            {
                "to": {
                    "startLine": 9,
                    "startColumn": 4,
                    "startOffset": 794,
                    "endColumn": 115,
                    "endOffset": 905
                },
                "from": {
                    "file": "C:\\Users\\Hoon Tar Yi\\.android\\build-cache\\ebbdf1bf618932ba087cbd8c8ebab10e8e7744aa\\output\\res\\values-in\\values-in.xml",
                    "position": {
                        "startLine": 9,
                        "startColumn": 4,
                        "startOffset": 794,
                        "endColumn": 115,
                        "endOffset": 905
                    }
                }
            },
            {
                "to": {
                    "startLine": 10,
                    "startColumn": 4,
                    "startOffset": 910,
                    "endColumn": 81,
                    "endOffset": 987
                },
                "from": {
                    "file": "C:\\Users\\Hoon Tar Yi\\.android\\build-cache\\ebbdf1bf618932ba087cbd8c8ebab10e8e7744aa\\output\\res\\values-in\\values-in.xml",
                    "position": {
                        "startLine": 10,
                        "startColumn": 4,
                        "startOffset": 910,
                        "endColumn": 81,
                        "endOffset": 987
                    }
                }
            },
            {
                "to": {
                    "startLine": 11,
                    "startColumn": 4,
                    "startOffset": 992,
                    "endColumn": 78,
                    "endOffset": 1066
                },
                "from": {
                    "file": "C:\\Users\\Hoon Tar Yi\\.android\\build-cache\\ebbdf1bf618932ba087cbd8c8ebab10e8e7744aa\\output\\res\\values-in\\values-in.xml",
                    "position": {
                        "startLine": 11,
                        "startColumn": 4,
                        "startOffset": 992,
                        "endColumn": 78,
                        "endOffset": 1066
                    }
                }
            },
            {
                "to": {
                    "startLine": 12,
                    "startColumn": 4,
                    "startOffset": 1071,
                    "endColumn": 85,
                    "endOffset": 1152
                },
                "from": {
                    "file": "C:\\Users\\Hoon Tar Yi\\.android\\build-cache\\ebbdf1bf618932ba087cbd8c8ebab10e8e7744aa\\output\\res\\values-in\\values-in.xml",
                    "position": {
                        "startLine": 12,
                        "startColumn": 4,
                        "startOffset": 1071,
                        "endColumn": 85,
                        "endOffset": 1152
                    }
                }
            },
            {
                "to": {
                    "startLine": 13,
                    "startColumn": 4,
                    "startOffset": 1157,
                    "endColumn": 102,
                    "endOffset": 1255
                },
                "from": {
                    "file": "C:\\Users\\Hoon Tar Yi\\.android\\build-cache\\ebbdf1bf618932ba087cbd8c8ebab10e8e7744aa\\output\\res\\values-in\\values-in.xml",
                    "position": {
                        "startLine": 13,
                        "startColumn": 4,
                        "startOffset": 1157,
                        "endColumn": 102,
                        "endOffset": 1255
                    }
                }
            },
            {
                "to": {
                    "startLine": 14,
                    "startColumn": 4,
                    "startOffset": 1260,
                    "endColumn": 108,
                    "endOffset": 1364
                },
                "from": {
                    "file": "C:\\Users\\Hoon Tar Yi\\.android\\build-cache\\ebbdf1bf618932ba087cbd8c8ebab10e8e7744aa\\output\\res\\values-in\\values-in.xml",
                    "position": {
                        "startLine": 14,
                        "startColumn": 4,
                        "startOffset": 1260,
                        "endColumn": 108,
                        "endOffset": 1364
                    }
                }
            },
            {
                "to": {
                    "startLine": 15,
                    "startColumn": 4,
                    "startOffset": 1369,
                    "endColumn": 100,
                    "endOffset": 1465
                },
                "from": {
                    "file": "C:\\Users\\Hoon Tar Yi\\.android\\build-cache\\ebbdf1bf618932ba087cbd8c8ebab10e8e7744aa\\output\\res\\values-in\\values-in.xml",
                    "position": {
                        "startLine": 15,
                        "startColumn": 4,
                        "startOffset": 1369,
                        "endColumn": 100,
                        "endOffset": 1465
                    }
                }
            },
            {
                "to": {
                    "startLine": 16,
                    "startColumn": 4,
                    "startOffset": 1470,
                    "endColumn": 103,
                    "endOffset": 1569
                },
                "from": {
                    "file": "C:\\Users\\Hoon Tar Yi\\.android\\build-cache\\ebbdf1bf618932ba087cbd8c8ebab10e8e7744aa\\output\\res\\values-in\\values-in.xml",
                    "position": {
                        "startLine": 16,
                        "startColumn": 4,
                        "startOffset": 1470,
                        "endColumn": 103,
                        "endOffset": 1569
                    }
                }
            },
            {
                "to": {
                    "startLine": 17,
                    "startColumn": 4,
                    "startOffset": 1574,
                    "endColumn": 107,
                    "endOffset": 1677
                },
                "from": {
                    "file": "C:\\Users\\Hoon Tar Yi\\.android\\build-cache\\ebbdf1bf618932ba087cbd8c8ebab10e8e7744aa\\output\\res\\values-in\\values-in.xml",
                    "position": {
                        "startLine": 17,
                        "startColumn": 4,
                        "startOffset": 1574,
                        "endColumn": 107,
                        "endOffset": 1677
                    }
                }
            },
            {
                "to": {
                    "startLine": 18,
                    "startColumn": 4,
                    "startOffset": 1682,
                    "endColumn": 107,
                    "endOffset": 1785
                },
                "from": {
                    "file": "C:\\Users\\Hoon Tar Yi\\.android\\build-cache\\ebbdf1bf618932ba087cbd8c8ebab10e8e7744aa\\output\\res\\values-in\\values-in.xml",
                    "position": {
                        "startLine": 18,
                        "startColumn": 4,
                        "startOffset": 1682,
                        "endColumn": 107,
                        "endOffset": 1785
                    }
                }
            },
            {
                "to": {
                    "startLine": 19,
                    "startColumn": 4,
                    "startOffset": 1790,
                    "endColumn": 122,
                    "endOffset": 1908
                },
                "from": {
                    "file": "C:\\Users\\Hoon Tar Yi\\.android\\build-cache\\ebbdf1bf618932ba087cbd8c8ebab10e8e7744aa\\output\\res\\values-in\\values-in.xml",
                    "position": {
                        "startLine": 19,
                        "startColumn": 4,
                        "startOffset": 1790,
                        "endColumn": 122,
                        "endOffset": 1908
                    }
                }
            },
            {
                "to": {
                    "startLine": 20,
                    "startColumn": 4,
                    "startOffset": 1913,
                    "endColumn": 98,
                    "endOffset": 2007
                },
                "from": {
                    "file": "C:\\Users\\Hoon Tar Yi\\.android\\build-cache\\ebbdf1bf618932ba087cbd8c8ebab10e8e7744aa\\output\\res\\values-in\\values-in.xml",
                    "position": {
                        "startLine": 20,
                        "startColumn": 4,
                        "startOffset": 1913,
                        "endColumn": 98,
                        "endOffset": 2007
                    }
                }
            },
            {
                "to": {
                    "startLine": 21,
                    "startColumn": 4,
                    "startOffset": 2012,
                    "endColumn": 83,
                    "endOffset": 2091
                },
                "from": {
                    "file": "C:\\Users\\Hoon Tar Yi\\.android\\build-cache\\ebbdf1bf618932ba087cbd8c8ebab10e8e7744aa\\output\\res\\values-in\\values-in.xml",
                    "position": {
                        "startLine": 21,
                        "startColumn": 4,
                        "startOffset": 2012,
                        "endColumn": 83,
                        "endOffset": 2091
                    }
                }
            },
            {
                "to": {
                    "startLine": 22,
                    "startColumn": 4,
                    "startOffset": 2096,
                    "endColumn": 100,
                    "endOffset": 2192
                },
                "from": {
                    "file": "C:\\Users\\Hoon Tar Yi\\.android\\build-cache\\ebbdf1bf618932ba087cbd8c8ebab10e8e7744aa\\output\\res\\values-in\\values-in.xml",
                    "position": {
                        "startLine": 22,
                        "startColumn": 4,
                        "startOffset": 2096,
                        "endColumn": 100,
                        "endOffset": 2192
                    }
                }
            }
        ]
    }
]