[
    {
        "outputFile": "C:\\Users\\Hoon Tar Yi\\Desktop\\GuessAnime\\app\\build\\intermediates\\incremental\\mergeDebugResources\\merged.dir\\values-fa\\values-fa.xml",
        "map": [
            {
                "to": {
                    "startLine": 2,
                    "startColumn": 4,
                    "startOffset": 55,
                    "endColumn": 109,
                    "endOffset": 160
                },
                "from": {
                    "file": "C:\\Users\\Hoon Tar Yi\\.android\\build-cache\\ebbdf1bf618932ba087cbd8c8ebab10e8e7744aa\\output\\res\\values-fa\\values-fa.xml",
                    "position": {
                        "startLine": 2,
                        "startColumn": 4,
                        "startOffset": 55,
                        "endColumn": 109,
                        "endOffset": 160
                    }
                }
            },
            {
                "to": {
                    "startLine": 3,
                    "startColumn": 4,
                    "startOffset": 165,
                    "endColumn": 109,
                    "endOffset": 270
                },
                "from": {
                    "file": "C:\\Users\\Hoon Tar Yi\\.android\\build-cache\\ebbdf1bf618932ba087cbd8c8ebab10e8e7744aa\\output\\res\\values-fa\\values-fa.xml",
                    "position": {
                        "startLine": 3,
                        "startColumn": 4,
                        "startOffset": 165,
                        "endColumn": 109,
                        "endOffset": 270
                    }
                }
            },
            {
                "to": {
                    "startLine": 4,
                    "startColumn": 4,
                    "startOffset": 275,
                    "endColumn": 125,
                    "endOffset": 396
                },
                "from": {
                    "file": "C:\\Users\\Hoon Tar Yi\\.android\\build-cache\\ebbdf1bf618932ba087cbd8c8ebab10e8e7744aa\\output\\res\\values-fa\\values-fa.xml",
                    "position": {
                        "startLine": 4,
                        "startColumn": 4,
                        "startOffset": 275,
                        "endColumn": 125,
                        "endOffset": 396
                    }
                }
            },
            {
                "to": {
                    "startLine": 5,
                    "startColumn": 4,
                    "startOffset": 401,
                    "endColumn": 102,
                    "endOffset": 499
                },
                "from": {
                    "file": "C:\\Users\\Hoon Tar Yi\\.android\\build-cache\\ebbdf1bf618932ba087cbd8c8ebab10e8e7744aa\\output\\res\\values-fa\\values-fa.xml",
                    "position": {
                        "startLine": 5,
                        "startColumn": 4,
                        "startOffset": 401,
                        "endColumn": 102,
                        "endOffset": 499
                    }
                }
            },
            {
                "to": {
                    "startLine": 6,
                    "startColumn": 4,
                    "startOffset": 504,
                    "endColumn": 110,
                    "endOffset": 610
                },
                "from": {
                    "file": "C:\\Users\\Hoon Tar Yi\\.android\\build-cache\\ebbdf1bf618932ba087cbd8c8ebab10e8e7744aa\\output\\res\\values-fa\\values-fa.xml",
                    "position": {
                        "startLine": 6,
                        "startColumn": 4,
                        "startOffset": 504,
                        "endColumn": 110,
                        "endOffset": 610
                    }
                }
            },
            {
                "to": {
                    "startLine": 7,
                    "startColumn": 4,
                    "startOffset": 615,
                    "endColumn": 83,
                    "endOffset": 694
                },
                "from": {
                    "file": "C:\\Users\\Hoon Tar Yi\\.android\\build-cache\\ebbdf1bf618932ba087cbd8c8ebab10e8e7744aa\\output\\res\\values-fa\\values-fa.xml",
                    "position": {
                        "startLine": 7,
                        "startColumn": 4,
                        "startOffset": 615,
                        "endColumn": 83,
                        "endOffset": 694
                    }
                }
            },
            {
                "to": {
                    "startLine": 8,
                    "startColumn": 4,
                    "startOffset": 699,
                    "endColumn": 102,
                    "endOffset": 797
                },
                "from": {
                    "file": "C:\\Users\\Hoon Tar Yi\\.android\\build-cache\\ebbdf1bf618932ba087cbd8c8ebab10e8e7744aa\\output\\res\\values-fa\\values-fa.xml",
                    "position": {
                        "startLine": 8,
                        "startColumn": 4,
                        "startOffset": 699,
                        "endColumn": 102,
                        "endOffset": 797
                    }
                }
            },
            {
                "to": {
                    "startLine": 9,
                    "startColumn": 4,
                    "startOffset": 802,
                    "endColumn": 114,
                    "endOffset": 912
                },
                "from": {
                    "file": "C:\\Users\\Hoon Tar Yi\\.android\\build-cache\\ebbdf1bf618932ba087cbd8c8ebab10e8e7744aa\\output\\res\\values-fa\\values-fa.xml",
                    "position": {
                        "startLine": 9,
                        "startColumn": 4,
                        "startOffset": 802,
                        "endColumn": 114,
                        "endOffset": 912
                    }
                }
            },
            {
                "to": {
                    "startLine": 10,
                    "startColumn": 4,
                    "startOffset": 917,
                    "endColumn": 78,
                    "endOffset": 991
                },
                "from": {
                    "file": "C:\\Users\\Hoon Tar Yi\\.android\\build-cache\\ebbdf1bf618932ba087cbd8c8ebab10e8e7744aa\\output\\res\\values-fa\\values-fa.xml",
                    "position": {
                        "startLine": 10,
                        "startColumn": 4,
                        "startOffset": 917,
                        "endColumn": 78,
                        "endOffset": 991
                    }
                }
            },
            {
                "to": {
                    "startLine": 11,
                    "startColumn": 4,
                    "startOffset": 996,
                    "endColumn": 77,
                    "endOffset": 1069
                },
                "from": {
                    "file": "C:\\Users\\Hoon Tar Yi\\.android\\build-cache\\ebbdf1bf618932ba087cbd8c8ebab10e8e7744aa\\output\\res\\values-fa\\values-fa.xml",
                    "position": {
                        "startLine": 11,
                        "startColumn": 4,
                        "startOffset": 996,
                        "endColumn": 77,
                        "endOffset": 1069
                    }
                }
            },
            {
                "to": {
                    "startLine": 12,
                    "startColumn": 4,
                    "startOffset": 1074,
                    "endColumn": 80,
                    "endOffset": 1150
                },
                "from": {
                    "file": "C:\\Users\\Hoon Tar Yi\\.android\\build-cache\\ebbdf1bf618932ba087cbd8c8ebab10e8e7744aa\\output\\res\\values-fa\\values-fa.xml",
                    "position": {
                        "startLine": 12,
                        "startColumn": 4,
                        "startOffset": 1074,
                        "endColumn": 80,
                        "endOffset": 1150
                    }
                }
            },
            {
                "to": {
                    "startLine": 13,
                    "startColumn": 4,
                    "startOffset": 1155,
                    "endColumn": 111,
                    "endOffset": 1262
                },
                "from": {
                    "file": "C:\\Users\\Hoon Tar Yi\\.android\\build-cache\\ebbdf1bf618932ba087cbd8c8ebab10e8e7744aa\\output\\res\\values-fa\\values-fa.xml",
                    "position": {
                        "startLine": 13,
                        "startColumn": 4,
                        "startOffset": 1155,
                        "endColumn": 111,
                        "endOffset": 1262
                    }
                }
            },
            {
                "to": {
                    "startLine": 14,
                    "startColumn": 4,
                    "startOffset": 1267,
                    "endColumn": 102,
                    "endOffset": 1365
                },
                "from": {
                    "file": "C:\\Users\\Hoon Tar Yi\\.android\\build-cache\\ebbdf1bf618932ba087cbd8c8ebab10e8e7744aa\\output\\res\\values-fa\\values-fa.xml",
                    "position": {
                        "startLine": 14,
                        "startColumn": 4,
                        "startOffset": 1267,
                        "endColumn": 102,
                        "endOffset": 1365
                    }
                }
            },
            {
                "to": {
                    "startLine": 15,
                    "startColumn": 4,
                    "startOffset": 1370,
                    "endColumn": 97,
                    "endOffset": 1463
                },
                "from": {
                    "file": "C:\\Users\\Hoon Tar Yi\\.android\\build-cache\\ebbdf1bf618932ba087cbd8c8ebab10e8e7744aa\\output\\res\\values-fa\\values-fa.xml",
                    "position": {
                        "startLine": 15,
                        "startColumn": 4,
                        "startOffset": 1370,
                        "endColumn": 97,
                        "endOffset": 1463
                    }
                }
            },
            {
                "to": {
                    "startLine": 16,
                    "startColumn": 4,
                    "startOffset": 1468,
                    "endColumn": 109,
                    "endOffset": 1573
                },
                "from": {
                    "file": "C:\\Users\\Hoon Tar Yi\\.android\\build-cache\\ebbdf1bf618932ba087cbd8c8ebab10e8e7744aa\\output\\res\\values-fa\\values-fa.xml",
                    "position": {
                        "startLine": 16,
                        "startColumn": 4,
                        "startOffset": 1468,
                        "endColumn": 109,
                        "endOffset": 1573
                    }
                }
            },
            {
                "to": {
                    "startLine": 17,
                    "startColumn": 4,
                    "startOffset": 1578,
                    "endColumn": 102,
                    "endOffset": 1676
                },
                "from": {
                    "file": "C:\\Users\\Hoon Tar Yi\\.android\\build-cache\\ebbdf1bf618932ba087cbd8c8ebab10e8e7744aa\\output\\res\\values-fa\\values-fa.xml",
                    "position": {
                        "startLine": 17,
                        "startColumn": 4,
                        "startOffset": 1578,
                        "endColumn": 102,
                        "endOffset": 1676
                    }
                }
            },
            {
                "to": {
                    "startLine": 18,
                    "startColumn": 4,
                    "startOffset": 1681,
                    "endColumn": 108,
                    "endOffset": 1785
                },
                "from": {
                    "file": "C:\\Users\\Hoon Tar Yi\\.android\\build-cache\\ebbdf1bf618932ba087cbd8c8ebab10e8e7744aa\\output\\res\\values-fa\\values-fa.xml",
                    "position": {
                        "startLine": 18,
                        "startColumn": 4,
                        "startOffset": 1681,
                        "endColumn": 108,
                        "endOffset": 1785
                    }
                }
            },
            {
                "to": {
                    "startLine": 19,
                    "startColumn": 4,
                    "startOffset": 1790,
                    "endColumn": 124,
                    "endOffset": 1910
                },
                "from": {
                    "file": "C:\\Users\\Hoon Tar Yi\\.android\\build-cache\\ebbdf1bf618932ba087cbd8c8ebab10e8e7744aa\\output\\res\\values-fa\\values-fa.xml",
                    "position": {
                        "startLine": 19,
                        "startColumn": 4,
                        "startOffset": 1790,
                        "endColumn": 124,
                        "endOffset": 1910
                    }
                }
            },
            {
                "to": {
                    "startLine": 20,
                    "startColumn": 4,
                    "startOffset": 1915,
                    "endColumn": 100,
                    "endOffset": 2011
                },
                "from": {
                    "file": "C:\\Users\\Hoon Tar Yi\\.android\\build-cache\\ebbdf1bf618932ba087cbd8c8ebab10e8e7744aa\\output\\res\\values-fa\\values-fa.xml",
                    "position": {
                        "startLine": 20,
                        "startColumn": 4,
                        "startOffset": 1915,
                        "endColumn": 100,
                        "endOffset": 2011
                    }
                }
            },
            {
                "to": {
                    "startLine": 21,
                    "startColumn": 4,
                    "startOffset": 2016,
                    "endColumn": 80,
                    "endOffset": 2092
                },
                "from": {
                    "file": "C:\\Users\\Hoon Tar Yi\\.android\\build-cache\\ebbdf1bf618932ba087cbd8c8ebab10e8e7744aa\\output\\res\\values-fa\\values-fa.xml",
                    "position": {
                        "startLine": 21,
                        "startColumn": 4,
                        "startOffset": 2016,
                        "endColumn": 80,
                        "endOffset": 2092
                    }
                }
            },
            {
                "to": {
                    "startLine": 22,
                    "startColumn": 4,
                    "startOffset": 2097,
                    "endColumn": 100,
                    "endOffset": 2193
                },
                "from": {
                    "file": "C:\\Users\\Hoon Tar Yi\\.android\\build-cache\\ebbdf1bf618932ba087cbd8c8ebab10e8e7744aa\\output\\res\\values-fa\\values-fa.xml",
                    "position": {
                        "startLine": 22,
                        "startColumn": 4,
                        "startOffset": 2097,
                        "endColumn": 100,
                        "endOffset": 2193
                    }
                }
            }
        ]
    }
]