[
    {
        "merged": "C:\\Users\\Hoon Tar Yi\\Desktop\\GuessAnime\\app\\build\\intermediates\\res\\merged\\debug\\drawable-ldrtl-mdpi-v17\\abc_ic_menu_cut_mtrl_alpha.png",
        "source": "C:\\Users\\Hoon Tar Yi\\.android\\build-cache\\ebbdf1bf618932ba087cbd8c8ebab10e8e7744aa\\output\\res\\drawable-ldrtl-mdpi-v17\\abc_ic_menu_cut_mtrl_alpha.png"
    },
    {
        "merged": "C:\\Users\\Hoon Tar Yi\\Desktop\\GuessAnime\\app\\build\\intermediates\\res\\merged\\debug\\drawable-ldrtl-mdpi-v17\\abc_spinner_mtrl_am_alpha.9.png",
        "source": "C:\\Users\\Hoon Tar Yi\\.android\\build-cache\\ebbdf1bf618932ba087cbd8c8ebab10e8e7744aa\\output\\res\\drawable-ldrtl-mdpi-v17\\abc_spinner_mtrl_am_alpha.9.png"
    },
    {
        "merged": "C:\\Users\\Hoon Tar Yi\\Desktop\\GuessAnime\\app\\build\\intermediates\\res\\merged\\debug\\drawable-ldrtl-mdpi-v17\\abc_ic_menu_copy_mtrl_am_alpha.png",
        "source": "C:\\Users\\Hoon Tar Yi\\.android\\build-cache\\ebbdf1bf618932ba087cbd8c8ebab10e8e7744aa\\output\\res\\drawable-ldrtl-mdpi-v17\\abc_ic_menu_copy_mtrl_am_alpha.png"
    }
]