[
    {
        "merged": "C:\\Users\\Hoon Tar Yi\\Desktop\\GuessAnime\\app\\build\\intermediates\\res\\merged\\debug\\layout-land\\activity_main.xml",
        "source": "C:\\Users\\Hoon Tar Yi\\Desktop\\GuessAnime\\app\\src\\main\\res\\layout-land\\activity_main.xml"
    },
    {
        "merged": "C:\\Users\\Hoon Tar Yi\\Desktop\\GuessAnime\\app\\build\\intermediates\\res\\merged\\debug\\layout-land\\activity_quiz.xml",
        "source": "C:\\Users\\Hoon Tar Yi\\Desktop\\GuessAnime\\app\\src\\main\\res\\layout-land\\activity_quiz.xml"
    },
    {
        "merged": "C:\\Users\\Hoon Tar Yi\\Desktop\\GuessAnime\\app\\build\\intermediates\\res\\merged\\debug\\layout-land\\activity_outcome.xml",
        "source": "C:\\Users\\Hoon Tar Yi\\Desktop\\GuessAnime\\app\\src\\main\\res\\layout-land\\activity_outcome.xml"
    }
]