[
    {
        "merged": "C:\\Users\\Hoon Tar Yi\\Desktop\\GuessAnime\\app\\build\\intermediates\\res\\merged\\debug\\raw\\nice.mp3",
        "source": "C:\\Users\\Hoon Tar Yi\\Desktop\\GuessAnime\\app\\src\\main\\res\\raw\\nice.mp3"
    },
    {
        "merged": "C:\\Users\\Hoon Tar Yi\\Desktop\\GuessAnime\\app\\build\\intermediates\\res\\merged\\debug\\raw\\sad.mp3",
        "source": "C:\\Users\\Hoon Tar Yi\\Desktop\\GuessAnime\\app\\src\\main\\res\\raw\\sad.mp3"
    },
    {
        "merged": "C:\\Users\\Hoon Tar Yi\\Desktop\\GuessAnime\\app\\build\\intermediates\\res\\merged\\debug\\raw\\sukasuka.mp3",
        "source": "C:\\Users\\Hoon Tar Yi\\Desktop\\GuessAnime\\app\\src\\main\\res\\raw\\sukasuka.mp3"
    }
]